{"cameraMode":{"drawMode":0,"name":"Shaded","section":"Shading Mode"},"sceneLighting":true,"audioPlay":false,"sceneViewState":{"showFog":true,"showMaterialUpdate":false,"showSkybox":true,"showFlares":true,"showImageEffects":true,"showParticleSystems":true},"in2DMode":false,"pivot":{"x":17.064895629882814,"y":-1.3636605739593506,"z":-12.718243598937989},"rotation":{"x":0.08381291478872299,"y":0.2371075451374054,"z":-0.020538585260510446,"w":0.9676497578620911},"size":-1.090430498123169,"orthographic":false}